City_ID,City,Country,Max Temp,Current Description,Lat,Lng,Hotel Name
0,Bethel,US,75.99,clear sky,41.37,-73.41,Courtyard by Marriott Danbury
1,Rikitea,PF,66.13,overcast clouds,-23.12,-134.97,Pension Maro'i
2,Saint-Philippe,RE,71.6,scattered clouds,-21.36,55.77,"Chambres d'hôte ""La Trinité"""
3,Victoria,HK,84.99,overcast clouds,22.29,114.16,Mini Hotel Central
4,Kapaa,US,78.8,clear sky,22.08,-159.32,Sheraton Kauai Resort at Coconut Beach
5,Airai,TL,57.78,scattered clouds,-8.93,125.41,Juvinal Martin
6,Hamilton,US,75.99,light rain,39.18,-84.53,Six Acres Bed & Breakfast
7,San Patricio,MX,80.47,clear sky,19.22,-104.7,Hotel Cabo Blanco
9,Bredasdorp,ZA,68.0,clear sky,-34.53,20.04,Bredasdorp Country Manor
10,Danjiangkou,CN,72.36,overcast clouds,32.54,111.51,Dongsheng Guesthouse
12,Yakeshi,CN,64.0,overcast clouds,49.28,120.73,Longhua Hotel
13,Shimoda,JP,75.0,light rain,34.67,138.95,Shimoda Tokyu Hotel
14,Portland,US,61.0,few clouds,45.52,-122.68,Portland Marriott City Center
15,Denpasar,ID,78.8,few clouds,-8.65,115.22,ASTON Denpasar Hotel & Convention Center
16,Hithadhoo,MV,83.62,clear sky,-0.6,73.08,Scoop Guest House
17,Talnakh,RU,62.6,overcast clouds,69.49,88.4,Talnakh Hotel
18,Puerto Ayora,EC,66.0,overcast clouds,-0.74,-90.35,Finch Bay Galapagos Hotel
19,Kruisfontein,ZA,66.0,clear sky,-34.0,24.73,Oyster Bay House Rental
20,Hasaki,JP,78.8,broken clouds,35.73,140.83,Inubosaki Kanko Hotel
21,Yulara,AU,55.4,clear sky,-25.24,130.99,Desert Gardens Hotel - Ayers Rock Resort
22,Monrovia,LR,80.6,broken clouds,6.3,-10.8,Eco-Hotel Hall & Restaurant
23,Mount Isa,AU,62.6,broken clouds,-20.73,139.5,ibis Styles Mt Isa Verona
24,Port Elizabeth,ZA,73.4,clear sky,-33.92,25.57,39 On Nile Guest House
28,Busselton,AU,54.0,overcast clouds,-33.65,115.33,Observatory Guest House
29,Vaini,TO,75.2,broken clouds,-21.2,-175.2,Keleti Beach Resort
31,Yellowknife,CA,50.0,broken clouds,62.46,-114.35,The Explorer Hotel
32,Yilan,TW,80.6,light intensity shower rain,24.76,121.75,Dar Chen Hotel
33,Thiruvananthapuram,IN,84.2,haze,8.48,76.92,Hotel Residency Tower
35,Bengkulu,ID,79.0,overcast clouds,-3.8,102.27,Grage Hotel Bengkulu
36,Sitka,US,53.6,mist,57.05,-135.33,Westmark Sitka
38,Vao,NC,72.07,clear sky,-22.67,167.48,Hotel Kou-Bugny
39,Geraldton,AU,60.8,overcast clouds,-28.77,114.6,Broadwater Mariner Resort
40,Lulea,SE,64.4,scattered clouds,65.58,22.15,Comfort Hotel Arctic
41,Esperance,AU,55.4,broken clouds,-33.87,121.9,Hospitality Esperance
43,Mahebourg,MU,73.4,shower rain,-20.41,57.7,Le Peninsula Bay Beach Resort & Spa
44,Touros,BR,82.4,few clouds,-5.2,-35.46,INN NEW HORIZON
45,Jamestown,US,73.0,clear sky,42.1,-79.24,Hampton Inn & Suites Jamestown
46,Hermanus,ZA,63.0,clear sky,-34.42,19.23,Misty Waves Boutique Hotel
47,Nhulunbuy,AU,73.4,clear sky,-12.23,136.77,East Arnhem Real Estate
48,Sinnamary,GF,85.75,clear sky,5.38,-52.95,ALETHEIA Appartement Sinnamary
49,Kilindoni,TZ,77.68,overcast clouds,-7.91,39.67,Bustani B&B
50,Cayenne,GF,87.8,few clouds,4.93,-52.33,Hôtel Le Dronmi
51,Yoichi,JP,60.01,clear sky,43.2,140.77,Marumatta Farm 21
52,Puerto Gaitan,CO,77.99,light rain,4.31,-72.08,Brisas del Yucao
54,Cidreira,BR,55.6,clear sky,-30.18,-50.21,Hotel Castelo
56,Tacna,PE,60.8,few clouds,-18.01,-70.25,Hotel Colón Inn
58,Nabire,ID,76.24,light rain,-3.37,135.48,Hotel Nusantara Nabire
59,Albion,US,77.0,clear sky,42.24,-84.75,Days Inn by Wyndham Albion
60,Seversk,RU,61.0,few clouds,56.6,84.89,Dom Spetsialista
61,Ulaangom,MN,63.27,light rain,49.98,92.07,Achit Nuur Hotel & Restaurant
64,Avarua,CK,71.6,few clouds,-21.21,-159.78,Paradise Inn
65,Torbay,CA,63.0,broken clouds,47.67,-52.73,Gallows Cove
66,Bangsund,NO,62.01,moderate rain,64.4,11.39,Michael E Achtzehn
67,College,US,53.6,broken clouds,64.86,-147.8,Pike's Waterfront Lodge
68,Tianpeng,CN,78.8,scattered clouds,30.99,103.94,Shuangliu Love Home Business Hotel
69,Aksum,ET,64.47,moderate rain,14.12,38.72,Hotel Delina
70,Kodiak,US,53.6,clear sky,57.79,-152.41,Best Western Kodiak Inn and Convention Center
71,Cloquet,US,66.0,mist,46.72,-92.46,Super 8 by Wyndham Cloquet
74,Vila Velha,BR,69.8,light rain,-20.33,-40.29,Hotel Vitória Palace
76,Ust-Donetskiy,RU,66.7,overcast clouds,47.64,40.87,Levada
78,Guerrero Negro,MX,77.18,clear sky,27.98,-114.06,"Casa Laguna, Bed & Breakfast"
79,Agar,IN,75.27,light rain,23.7,76.02,Bherav Mandir
81,Zhuhai,CN,87.01,overcast clouds,22.28,113.57,珠海粤财假日酒店
83,Beringovskiy,RU,50.72,broken clouds,63.05,179.32,Beringgorski
84,Nishihara,JP,82.4,broken clouds,26.18,127.76,Minshuku Agaihama
85,Nevers,FR,77.0,overcast clouds,46.92,3.33,Castle Prye
87,Atuona,PF,78.44,light rain,-9.8,-139.03,Villa Enata
88,Port Alfred,ZA,73.87,clear sky,-33.59,26.89,The Halyards Hotel
89,Nikolskoye,RU,71.6,few clouds,59.7,30.79,Tourist House - Sablino
91,San Cristobal,VE,77.0,broken clouds,7.77,-72.22,Pirineos
92,Margate,GB,72.0,broken clouds,51.38,1.39,Premier Inn Margate hotel
94,Tete,MZ,78.8,scattered clouds,-16.16,33.59,Zambeze Paraíso Misterioso
95,Kahului,US,78.8,light rain,20.89,-156.47,Maui Seaside Hotel
96,Asau,RO,82.0,clear sky,46.43,26.4,Casa Mika Ciobanus
97,Katsuura,JP,80.01,thunderstorm,35.13,140.3,Katsuura Hotel Mikazuki
99,Northam,GB,63.0,clear sky,51.03,-4.22,Durrant House Hotel
100,Georgetown,MY,80.6,thunderstorm,5.41,100.34,Cititel Penang
101,Sao Filipe,CV,78.75,broken clouds,14.9,-24.5,Tortuga B&B
102,Butaritari,KI,82.54,overcast clouds,3.07,172.79,Isles Sunset Lodge
103,Shingu,JP,75.99,light rain,33.73,135.98,Shingu UI Hotel
105,Gboko,NG,83.3,few clouds,7.32,9.0,Bays Garden Hotel
106,Lorengau,PG,82.33,few clouds,-2.02,147.27,Lorengau Harbourside Hotel
107,Thonon-Les-Bains,FR,81.0,scattered clouds,46.25,6.5,Hôtel Les Moineaux
108,Camrose,CA,57.0,light rain,53.02,-112.84,R & R Inn & Suites
109,Mahibadhoo,MV,84.83,clear sky,3.78,72.97,Omadhoo Inn
110,Gasa,PS,88.0,clear sky,31.5,34.47,رابطة الفنانين الفلسطينيين
111,Saint-Joseph,RE,71.6,few clouds,-21.37,55.62,"""Plantation Bed and Breakfast"
112,Sioux Lookout,CA,68.0,overcast clouds,50.1,-91.92,Knobby's Fly-In Camps
114,Cape Town,ZA,71.01,clear sky,-33.93,18.42,Southern Sun Waterfront Cape Town
115,Arraial Do Cabo,BR,64.4,light rain,-22.97,-42.03,Pousada Porto Praia
116,Vardo,NO,66.2,overcast clouds,70.37,31.11,Vardø Hotel AS
117,Hilo,US,73.4,heavy intensity rain,19.73,-155.09,Hilo Hawaiian Hotel
119,Ponta Do Sol,PT,78.01,clear sky,32.67,-17.1,Hotel do Campo
120,Carnarvon,AU,68.0,broken clouds,-24.87,113.63,Hospitality Carnarvon
121,Faya,SA,82.4,scattered clouds,18.39,42.45,مقبرة ال مجمل
122,Finschhafen,PG,79.02,few clouds,-6.6,147.87,Cossam Guest House
123,Pandan,PH,81.77,clear sky,14.05,124.17,Bonifacio Lodge
124,Namibe,AO,68.0,few clouds,-15.2,12.15,Hotel Chik Chik Namibe
125,General Pico,AR,52.21,clear sky,-35.66,-63.76,Hotel Malargue
126,Saint Anthony,US,71.01,few clouds,45.02,-93.22,Holiday Inn Express Roseville-St. Paul
127,Stornoway,GB,59.0,broken clouds,58.21,-6.39,Caladh Inn
128,Tual,ID,79.09,clear sky,-5.67,132.75,Grand Vilia Hotel
129,Puerto Palomas,MX,78.8,clear sky,31.77,-107.62,Hotel San Carlos
130,Bud,US,75.0,clear sky,39.45,-86.18,Madsion Scouts Camp
131,Spring Hill,US,78.8,broken clouds,28.48,-82.53,Room of The world By traveline Plus
132,Tuy Hoa,VN,80.47,light rain,13.08,109.3,CenDeluxe Hotel Tuy Hoa
134,Salihorsk,BY,70.81,broken clouds,52.79,27.54,Apartment on Parkovoy 26
135,Sao Joao Da Barra,BR,64.4,light rain,-21.64,-41.05,Pousada Porto De Canoas
139,Les Cayes,HT,86.27,clear sky,18.2,-73.75,Villa Orphee
140,Meulaboh,ID,74.52,light rain,4.14,96.13,Kost Pria
141,Jijiga,ET,68.63,broken clouds,9.35,42.8,RAMAAS HOTEL
142,Saint George,US,80.6,clear sky,37.1,-113.58,Best Western Plus Abbey Inn
143,Labrea,BR,70.95,clear sky,-7.26,-64.8,Hotel Novo Horizonte
145,Ribeira Grande,PT,73.4,few clouds,38.52,-28.7,Quinta da Meia Eira
146,Tazovskiy,RU,55.98,overcast clouds,67.47,78.7,TazHostel
149,Waipawa,NZ,50.0,clear sky,-41.41,175.52,Tora Coastal Walk
150,Lazaro Cardenas,MX,78.87,broken clouds,17.96,-102.2,Collection O Hotel Quinta Antigua
151,Port Shepstone,ZA,70.95,clear sky,-30.74,30.45,My Den Beachfront B&B And Self-Catering
152,Teapa,MX,80.6,scattered clouds,17.55,-92.95,Hotel Quintero
154,Sampit,ID,77.14,scattered clouds,-2.53,112.95,Aquarius Boutique Hotel Sampit
155,Vestmannaeyjar,IS,53.6,few clouds,63.44,-20.27,Glamping & Camping
156,Puerto Salgar,CO,77.88,light rain,5.46,-74.65,Hotel Confort
158,Roald,NO,62.01,broken clouds,62.58,6.13,Flem Cabins
159,Watertown,US,82.0,clear sky,42.37,-71.18,Super 8 by Wyndham Watertown/Cambridge/Boston Area
162,Khani,GE,66.2,thunderstorm with rain,41.96,42.96,კურორტი ზეკარი/Resort Zekari
164,Wajima,JP,75.6,clear sky,37.4,136.9,Wajiima Onsen Yashio
167,Kaeo,NZ,57.0,clear sky,-35.1,173.78,Bushido Lodge
168,Moose Factory,CA,60.8,broken clouds,51.26,-80.61,Cree Village Eco Lodge
174,Sorong,ID,79.61,moderate rain,-0.88,131.25,The Waigo Hotel
176,Obigarm,TJ,77.27,clear sky,38.72,69.71,Kurort Obi Garm
178,Mehamn,NO,66.33,few clouds,71.04,27.85,Mehamn Arctic Hotel AS
179,Kalmunai,LK,84.09,broken clouds,7.42,81.82,VS Villa
180,Yinchuan,CN,81.72,overcast clouds,38.47,106.27,JJ Inns - Yinchuan New Moon Square Branch
182,Pimentel,PE,60.8,mist,-6.84,-79.93,Casona Del Muelle
183,Rio Grande,BR,59.0,clear sky,-32.03,-52.1,Hotel Atlântico Rio Grande
184,Praia,CV,84.2,scattered clouds,14.92,-23.51,LT Aparthotel
185,Kaitangata,NZ,51.01,overcast clouds,-46.28,169.85,Kaitangata Motor Camp
186,Whitehorse,CA,53.6,overcast clouds,60.72,-135.05,Westmark Hotel
187,Faanui,PF,77.25,light rain,-16.48,-151.75,Bora-Bora Pearl Beach Resort & Spa
188,Aksu,CN,83.82,broken clouds,41.12,80.26,Pudong Holiday Hotel
189,Susanville,US,53.01,haze,40.42,-120.65,Red Lion Inn & Suites Susanville
190,Senneterre,CA,60.8,shower rain,48.38,-77.23,Motel Senabi
192,Stromness,GB,59.0,broken clouds,58.97,-3.3,The Old Smokery
193,Erenhot,CN,70.02,overcast clouds,43.65,111.98,Erenhot Rurouni Youth Hostel
194,Sorland,NO,56.93,overcast clouds,67.67,12.69,Sjybrygga fiskecamp
197,Ahipara,NZ,55.11,clear sky,-35.17,173.17,Ahipara Holiday Park
198,Novopskov,UA,72.63,scattered clouds,49.55,39.09,"Sanatorno-Ozdorovchyy Kompleks ""Perlyna"""
199,Pochutla,MX,77.0,broken clouds,15.74,-96.47,Hotel Posada San Jose
200,Mayumba,GA,75.4,overcast clouds,-3.43,10.66,LIKWALE LODGE
201,Coruripe,BR,79.2,broken clouds,-10.13,-36.18,Pousada e Hotel Litoral Sul
202,Rochester,US,78.01,scattered clouds,43.15,-77.62,Hyatt Regency Rochester
203,Arawa,PG,77.56,overcast clouds,-6.21,155.54,Coastline Guest House
204,Krasnogorsk,RU,75.2,few clouds,55.82,37.32,"Hotel ""Academy"""
205,Kanigiri,IN,89.22,few clouds,15.4,79.52,Hotel
207,Bambous Virieux,MU,73.4,shower rain,-20.34,57.76,Casa Tia Villa
209,Fortuna,US,60.01,overcast clouds,40.6,-124.16,Super 8 by Wyndham Fortuna
210,Porto Novo,BJ,78.8,scattered clouds,6.5,2.6,Tour Eiffel Hotel Benin
211,Haines Junction,CA,51.67,light rain,60.75,-137.51,Parkside Inn
212,Kushima,JP,77.86,clear sky,31.46,131.23,Hanaoka
214,Lunenburg,CA,69.01,overcast clouds,44.38,-64.32,Lunenburg Arms Hotel
216,Juba,SS,87.87,scattered clouds,4.85,31.58,ROYAL PALACE HOTEL - JUBA
218,Natal,BR,84.2,few clouds,-5.79,-35.21,Villa Park Hotel | Natal
220,Norman Wells,CA,51.8,broken clouds,65.28,-126.83,Heritage Hotel
221,Aquiraz,BR,84.2,broken clouds,-3.9,-38.39,Hotel Laguna Blu
222,Tasiilaq,GL,51.8,few clouds,65.61,-37.64,The Red House
224,Kirakira,SB,79.12,light rain,-10.45,161.92,SanBiz Lodge
225,Necochea,AR,59.0,clear sky,-38.55,-58.74,dyd -mar Hotel
226,Quang Ngai,VN,80.1,light rain,15.12,108.8,Central Hotel
227,Marsh Harbour,BS,84.0,broken clouds,26.54,-77.06,Abaco Beach Resort
228,Bolshoy Lug,RU,57.2,broken clouds,52.08,104.09,Metallurg
229,East London,ZA,71.6,clear sky,-33.02,27.91,Tu Casa
230,Toamasina,MG,69.8,shower rain,-18.17,49.38,Hotel H1
231,Mar Del Plata,AR,55.0,clear sky,-38.0,-57.56,Gran Hotel Mar del Plata habitaciones
237,Husavik,IS,53.6,scattered clouds,66.04,-17.34,Bjarnabúð
238,Beyneu,KZ,76.1,overcast clouds,45.32,55.2,NUR
242,Bonavista,CA,66.0,clear sky,48.65,-53.11,Abbott's Bed & Breakfast
243,Bathsheba,BB,87.8,scattered clouds,13.22,-59.52,Atlantis Hotel
244,Viramgam,IN,82.4,mist,23.12,72.05,'Hotel Asopalav & Guest House-honest
245,Ixtapa,MX,78.8,scattered clouds,20.7,-105.2,Container Inn Puerto Vallarta
246,Puerto Quijarro,BO,56.98,overcast clouds,-17.78,-57.77,Hotel palance
247,Eyl,SO,85.55,overcast clouds,7.98,49.82,Amiin Hotel
248,Vicksburg,US,78.8,clear sky,32.35,-90.88,La Quinta Inn & Suites by Wyndham Vicksburg
251,Tura,IN,74.88,few clouds,25.52,90.22,Hotel RIKMAN Continental
253,Nagar Karnul,IN,78.84,overcast clouds,16.48,78.32,JANGITI VENKATASWAMY HOUSE
255,Mount Pleasant,US,82.99,clear sky,32.79,-79.86,Best Western Patriots Point
256,Seoul,KR,73.4,moderate rain,37.57,126.98,LOTTE HOTEL SEOUL
257,Chelmza,PL,78.01,light intensity shower rain,53.18,18.6,"""Tumska Przystań"" Restauracja & Hotel"
258,Havre,FR,72.0,overcast clouds,49.58,0.33,gite bois jourdain
259,Khamgaon,IN,77.27,moderate rain,20.68,76.57,Hotel Gurukrupa Inn
260,Mayo,US,77.0,overcast clouds,38.89,-76.51,Resorts Resource Group International
261,Hobyo,SO,78.8,broken clouds,5.35,48.53,Osmani Hotel
262,Slave Lake,CA,55.4,mist,55.28,-114.77,Super 8 by Wyndham Slave Lake AB
263,The Valley,AI,78.8,shower rain,18.22,-63.06,CeBlue Villas & Beach Resort
265,Estelle,US,86.0,clear sky,29.85,-90.11,Comfort Inn Marrero - New Orleans West
266,Ketchikan,US,57.2,light rain,55.34,-131.65,Snows Cove Lodge
267,Inhambane,MZ,77.0,few clouds,-23.86,35.38,Oceano
269,Yanam,IN,80.6,broken clouds,16.73,82.22,The Regency Hotel
270,Solnechnyy,RU,59.59,broken clouds,50.72,136.63,Hotel complex Pastoral
272,Amberieu-En-Bugey,FR,84.2,clear sky,45.96,5.34,Ambotel
273,Alice Springs,AU,51.8,clear sky,-23.7,133.88,Desert Palms Alice Springs
274,Roma,US,72.0,few clouds,43.21,-75.46,Wingate By Wyndham Rome
275,Merritt,CA,60.8,clear sky,50.11,-120.79,Ramada Limited Merritt
276,Kargil,IN,68.41,clear sky,34.57,76.1,Caravan Sarai
278,San Quintin,MX,77.13,clear sky,30.48,-115.95,Old Mill Hotel
279,Esik,KZ,82.4,smoke,43.36,77.45,"Gostevoy Dom ""Asyl Tau"""
280,Alofi,NU,75.2,few clouds,-19.06,-169.92,Taloa Heights
281,Pisco,PE,60.8,mist,-13.7,-76.22,Hostal San Isidro Oficial
282,La Ronge,CA,59.0,overcast clouds,55.1,-105.28,Northland Motor Hotel
283,Kapit,MY,77.36,light rain,2.02,112.93,Hotel Meligai Kapit
284,Mbanza-Ngungu,CD,89.29,overcast clouds,-5.25,14.87,Hotel Full Business
286,Southbridge,US,81.0,overcast clouds,42.08,-72.03,Southbridge Hotel & Conference Center
287,Novobirilyussy,RU,55.36,light rain,56.95,90.67,Gostinitsa
288,Xining,CN,56.89,heavy intensity rain,36.62,101.77,Super Leisure Hotel
289,Berlevag,NO,63.55,scattered clouds,70.86,29.09,Kvitbrakka
290,Flinders,AU,51.01,broken clouds,-34.58,150.86,Shellharbour Resort & Conference Centre
291,Nyagan,RU,58.19,overcast clouds,62.14,65.39,Rainbow Hotel
292,Grand-Santi,GF,89.67,clear sky,4.25,-54.38,Hotel La Villa Couacou
293,Tautira,PF,71.6,few clouds,-17.73,-149.15,Pension Oaoa
294,Coquimbo,CL,50.0,overcast clouds,-29.95,-71.34,Hotel San Juan
295,Alta Floresta,BR,69.8,haze,-9.88,-56.09,Floresta Amazonica Hotel
297,Muzaffarabad,PK,76.91,clear sky,34.37,73.47,Pearl Continental Muzaffarabad
298,Platteville,US,68.0,clear sky,42.73,-90.48,"Country Inn & Suites by Radisson, Platteville, WI"
299,Quatre Cocos,MU,73.4,shower rain,-20.21,57.76,Veranda Palmar Beach Hotel
300,Yar-Sale,RU,58.28,clear sky,66.83,70.83,Yalemd
301,Kutum,SD,87.55,overcast clouds,14.2,24.67,Dibbo areaمنطقة دبو
303,Lichinga,MZ,66.2,broken clouds,-13.31,35.24,Residencial Bendiak
306,Vila Franca Do Campo,PT,77.0,few clouds,37.72,-25.43,Pestana Bahia Praia
307,Harlingen,US,84.99,clear sky,26.19,-97.7,Courtyard by Marriott Harlingen
308,Kalat,PK,69.66,moderate rain,29.02,66.59,Balochistan Hotel
309,Lebu,CL,51.49,clear sky,-37.62,-73.65,Hostal Las Lilas
310,Miranda,CO,69.8,broken clouds,3.25,-76.23,Parqueadero toño lasso
311,Sibolga,ID,76.59,light rain,1.74,98.78,Hotel Syariah CN Darussalam
312,Graham,US,55.99,light intensity drizzle,47.05,-122.29,Moxie Meadows Hostel
313,Basco,PH,84.61,moderate rain,20.45,121.97,Nathaniel's Lodge
315,Christchurch,NZ,50.0,light rain,-43.53,172.63,"Chateau on the Park - Christchurch, a DoubleTree by Hilton"
316,Sistranda,NO,64.4,shower rain,63.73,8.83,Hotell Frøya
317,Dingle,PH,77.36,scattered clouds,11.0,122.67,Camp Pasica
319,Smithers,CA,50.0,broken clouds,54.78,-127.17,Prestige Hudson Bay Lodge
321,Samana,DO,78.8,shower rain,19.21,-69.34,The Bannister - Hotel & Yacht Club
322,Cervo,ES,75.99,scattered clouds,43.67,-7.41,Hotel Spa Galatea
323,Mahon,ES,84.2,broken clouds,39.89,4.27,ARTIEM Capri
324,Los Llanos De Aridane,ES,84.99,clear sky,28.66,-17.92,Valle Aridane
325,San Andres,CO,80.6,overcast clouds,12.58,-81.7,Hotel Arena Blanca
326,Cheyenne,US,73.99,haze,41.14,-104.82,The Historic Plains Hotel & Restaurant
328,Lepaera,HN,68.34,scattered clouds,14.78,-88.58,Agroservicios Lepaera
329,Ugoofaaru,MV,84.15,clear sky,5.67,73.0,Ungoofaaru Inn
332,Tonantins,BR,70.21,broken clouds,-2.87,-67.8,Hotel Rei Davi
334,Vanimo,PG,79.7,light rain,-2.67,141.3,Vahmoneh Lodge Vanimo
335,Juneau,US,54.0,fog,58.3,-134.42,"Baranof Downtown, BW Signature Collection"
337,Goderich,CA,80.01,clear sky,43.75,-81.72,Harmony Inn
340,Leua,SK,90.0,clear sky,48.22,18.61,Business Hotel ASTRUM Laus
341,Khatanga,RU,53.94,clear sky,71.97,102.5,"Gostinitsa ""Zapolyar'ye"""
342,San Rafael,AR,56.03,clear sky,-34.62,-68.33,Hotel San Rafael
343,Nelson Bay,AU,51.01,clear sky,-32.72,152.15,Mantra Nelson Bay
345,Chitral,PK,80.8,clear sky,35.85,71.79,PTDC Motel Chitral
346,Hecun,CN,70.0,few clouds,36.53,114.11,Yijia Hotel
347,Hami,CN,85.48,overcast clouds,42.8,93.45,Laoyutang Resort
348,Port Keats,AU,73.72,clear sky,-14.25,129.55,TDC Village (Hundred Man Camp)
349,Half Moon Bay,US,61.0,mist,37.46,-122.43,"The Ritz-Carlton, Half Moon Bay"
350,Vikhorevka,RU,64.4,broken clouds,56.12,101.16,Pansionat Sosnovyye Rodniki
355,Harper,LR,79.02,light rain,4.38,-7.72,Screensaver
356,Buala,SB,81.27,overcast clouds,-8.14,159.59,Maringe Lagoon Lodge
358,Jipijapa,EC,69.8,overcast clouds,-1.33,-80.58,Los Ceibos Internacional
359,Ibiapina,BR,84.6,few clouds,-3.92,-40.89,Hotel Pinheiro
360,Padang,ID,79.95,moderate rain,-0.95,100.35,Mercure Padang
362,Ibaiti,BR,55.99,clear sky,-23.85,-50.19,Hotel Moraes
363,Belonia,IN,76.78,overcast clouds,23.25,91.45,Suryasen Hostel (BKI)
364,Sisimiut,GL,51.17,few clouds,66.94,-53.67,Hotel Sisimiut
367,Tomatlan,MX,78.37,clear sky,19.93,-105.25,Norma franco
369,Ishigaki,JP,83.46,moderate rain,24.34,124.16,Hotel Peace Land Ishigakijima
371,Mitchell,US,73.4,clear sky,43.71,-98.03,Kelly Inn & Suites
372,Broome,US,75.0,clear sky,42.25,-75.83,Chenango Valley State Park
373,Iquitos,PE,62.6,overcast clouds,-3.75,-73.25,Cortez Malaga Techy Caroly
374,Havoysund,NO,68.0,scattered clouds,71.0,24.66,Arctic View Glamping & Restaurant
375,Caravelas,BR,71.15,light rain,-17.71,-39.25,Pousada dos Navegantes
376,Izumo,JP,80.6,broken clouds,35.37,132.77,Toyoko-Inn Izumoshi ekimae
377,Cabo San Lucas,MX,80.01,scattered clouds,22.89,-109.91,Hotel Tesoro Los Cabos
379,Darhan,MN,61.39,clear sky,49.49,105.92,Buudai Hotel
380,Shirgaon,IN,81.84,light rain,19.7,72.7,LAXMI GARDEN BEACH RESORT
381,Constitucion,CL,58.59,clear sky,-35.33,-72.42,Hotel Boutique Las Azucenas
383,Berezovyy,RU,60.48,light rain,51.67,135.7,"Hotel ""Phoenix"""
384,Tahoua,NE,87.8,broken clouds,14.89,5.27,Bungalows Guesthouse
385,Inca,ES,87.8,few clouds,39.72,2.91,Cas Comte Suites & Spa
386,Kavaratti,IN,83.23,few clouds,10.57,72.64,Bismillah Hotel And Lodging
387,Partenit,UA,75.85,few clouds,44.58,34.34,Приватотель
388,Richards Bay,ZA,76.32,clear sky,-28.78,32.04,BON Hotel Waterfront Richards Bay
389,Saldanha,ZA,68.0,clear sky,-33.01,17.94,Blue Bay Lodge
390,Isangel,VU,73.83,clear sky,-19.55,169.27,Volcano Sea View Tree House
394,Hambantota,LK,82.4,scattered clouds,6.12,81.12,Bungalow 63
395,Lagoa,PT,71.37,clear sky,39.05,-27.98,Casa Das Faias
397,Kuytun,RU,56.3,scattered clouds,54.34,101.5,Gostinitsa Tsentral'naya
398,Kavieng,PG,81.84,light rain,-2.57,150.8,Nusa Island Retreat
399,Kpandae,GH,82.8,moderate rain,8.47,-0.01,S. Amaski Guest House
400,Bonthe,SL,80.55,moderate rain,7.53,-12.51,Bonthe Holiday Village
401,Takoradi,GH,80.49,few clouds,4.88,-1.76,Raybow International Hotel
403,Mora,CM,89.6,scattered clouds,11.05,14.14,Hotel Emergence
404,Rongcheng,CN,79.2,overcast clouds,30.63,117.85,Shell Shandong Liaocheng Development District South Huangshan Road Hotel
405,Karwar,IN,79.12,light rain,14.8,74.13,Netalco Connects
406,Boyolangu,ID,74.98,overcast clouds,-8.12,111.89,Yos ega cv
408,Sambava,MG,74.52,scattered clouds,-14.27,50.17,Melrose
409,Itaituba,BR,86.0,clear sky,-4.28,-55.98,Hotel Campos
410,Wajir,KE,89.6,broken clouds,1.75,40.06,Al- Amin lodge
411,Yabelo,ET,70.93,overcast clouds,4.88,38.08,Asnakech W/michael
412,Vanavara,RU,60.82,clear sky,60.34,102.28,Russia
413,Toktogul,KG,73.31,clear sky,41.87,72.94,KAGAN
414,Birkeland,NO,62.6,light intensity shower rain,58.33,8.23,Hawai bobilcamping
416,Prince Rupert,CA,57.2,light rain,54.32,-130.32,Crest Hotel
417,Pokhara,NP,72.16,light rain,28.23,83.98,Hotel View Point
418,Karaton,ID,80.6,few clouds,-6.34,106.1,Parkir Mobil Wisata CAS Water Park
419,Pontes E Lacerda,BR,57.15,overcast clouds,-15.23,-59.34,Hotel Bressan
421,Manado,ID,80.6,few clouds,1.49,124.85,Aryaduta Hotel
422,Olafsvik,IS,52.52,clear sky,64.89,-23.71,Hotel Olafsvik
423,San Felipe,VE,81.9,few clouds,10.34,-68.74,Posada Llovizna Rodríguez
424,Jumla,NP,62.89,light rain,29.27,82.18,Hotel Sundar Rara Karnali
426,Brae,GB,55.4,broken clouds,60.4,-1.35,Busta House Hotel
427,Liwale,TZ,81.64,overcast clouds,-9.77,37.93,Samoma Lodge
428,Medvedovskaya,RU,81.0,scattered clouds,45.45,39.03,Gostinnitsa
429,Mahajanga,MG,80.6,few clouds,-15.72,46.32,Restaurant Greedy Coco Lodge Majunga
430,Never,FR,77.0,overcast clouds,46.99,3.16,Hôtel Kyriad
431,Lehigh Acres,US,79.0,clear sky,26.63,-81.62,Lehigh Resort Club
432,Megion,RU,57.2,scattered clouds,61.03,76.11,Komfort Hotel
434,Chuy,UY,54.07,clear sky,-33.7,-53.46,Nuevo Hotel Plaza
435,Long,TH,75.36,moderate rain,18.08,99.83,Nopphakoe Homestay
438,Russell,US,78.8,broken clouds,32.35,-85.2,Macs
439,Ambon,ID,77.0,scattered clouds,-3.7,128.18,Swiss-Belhotel Ambon
441,Lake Charles,US,82.99,clear sky,30.21,-93.2,La Quinta Inn & Suites by Wyndham Lake Charles Casino Area
442,Muros,ES,71.01,broken clouds,42.78,-9.06,Apartment Av. Castelao
443,Kidderminster,GB,66.0,light rain,52.39,-2.25,Gainsborough House Hotel
444,Darovskoy,RU,67.37,clear sky,58.77,47.96,"Hotel ""Central"""
445,Nemuro,JP,60.17,scattered clouds,43.32,145.57,Hotel Nemuro Kaiyoutei
446,Cockburn Town,TC,83.97,clear sky,21.46,-71.14,Osprey Beach Hotel
447,Comodoro Rivadavia,AR,60.8,clear sky,-45.87,-67.5,Austral Hotel
449,Pudozh,RU,73.04,broken clouds,61.81,36.53,Guest-House na Transportnoy
450,Nome,US,51.8,overcast clouds,64.5,-165.41,Dredge 7 Inn
451,Rantauprapat,ID,75.06,overcast clouds,2.1,99.83,Permata Land Hotel & Resort
452,Huilong,CN,86.0,clear sky,31.81,121.66,Hilton Garden Inn Qidong
455,Hirara,JP,81.86,moderate rain,24.8,125.28,Hotel Atoll Emerald Miyakojima
456,Xiamen,CN,86.0,broken clouds,24.48,118.08,厦门马哥孛罗东方大酒店
459,Limbang,MY,84.2,thunderstorm with light rain,4.75,115.0,Purnama Hotel
461,Beachwood,US,80.01,clear sky,41.46,-81.51,DoubleTree by Hilton Hotel Cleveland East Beachwood
464,Belmonte,BR,73.4,overcast clouds,-15.86,-38.88,Pousada Monte Carmelo O Pão
465,Chardara,KZ,86.7,clear sky,41.25,67.97,Жанаргул
466,Luanda,AO,73.4,broken clouds,-8.84,13.23,EPIC SANA Luanda
467,Akranes,IS,57.2,few clouds,64.32,-22.07,Akra Guesthouse
468,Marawi,PH,77.0,light rain,8.0,124.29,Salihmaruhom
469,Lata,PT,84.99,clear sky,40.16,-8.33,Casa Maquia
471,Port Macquarie,AU,54.0,clear sky,-31.43,152.92,Rydges Port Macquarie
472,Marechal Floriano,BR,71.6,light rain,-20.41,-40.68,Pousada Recanto Primata
474,Rawson,AR,56.93,clear sky,-43.3,-65.1,Hotel Punta León
477,Kuching,MY,78.8,scattered clouds,1.55,110.33,Hilton Kuching
478,Dharchula,IN,71.6,light rain,29.85,80.53,Mahara Hotel
482,Mnogovershinnyy,RU,50.95,overcast clouds,53.94,139.92,Kvartsevaya Sopka
483,Bocaiuva,BR,77.0,broken clouds,-17.11,-43.81,Hotel Maxim's
487,Binga,ZW,77.61,clear sky,-17.62,27.34,Lakeview Inn Binga
488,Bunia,CD,77.56,light rain,1.57,30.25,Gold Star International Hotel
489,Chino Valley,US,71.01,clear sky,34.76,-112.45,Primrose Inn & Suites
492,Labuhan,ID,80.46,broken clouds,-6.88,112.21,bador sepret
493,Birobidzhan,RU,64.35,overcast clouds,48.8,132.95,Hotel Central (Vostok)
494,Ust-Uda,RU,56.71,clear sky,54.17,103.03,Gostinitsa Ust'-Uda Shans
495,Shache,CN,79.21,clear sky,38.42,77.24,Delong Hotel
497,Samarai,PG,76.57,overcast clouds,-10.62,150.67,Nuli Sapi
499,Bambanglipuro,ID,75.76,scattered clouds,-7.95,110.28,Puri Brata
500,Dolores,AR,52.57,clear sky,-36.31,-57.68,Apart Hotel - Arianos
502,Mastic Beach,US,80.6,clear sky,40.77,-72.85,Brushwood House by Smith Point Beach
503,Barrhead,GB,66.2,few clouds,55.8,-4.39,Abbey Inn
504,Shuangyang,CN,66.2,overcast clouds,43.52,125.67,Boutique Chatelet
505,Lincoln,US,78.01,clear sky,40.8,-96.67,Courtyard by Marriott Lincoln Downtown/Haymarket
506,Zeya,RU,57.9,clear sky,53.75,127.27,Kapital Inn
507,Bonnyville,CA,62.6,overcast clouds,54.27,-110.73,Best Western Bonnyville Inn & Suites
508,Baker City,US,57.2,clear sky,44.77,-117.83,Bridge Street Inn
509,Hofn,IS,55.4,scattered clouds,64.25,-15.21,Hótel Höfn
510,Polczyn-Zdroj,PL,79.0,light rain,53.76,16.1,NATURA PARK dawniej Skaut
512,Manta,EC,69.8,light intensity drizzle,-0.95,-80.73,Balandra Hotel
513,Saint-Pierre,RE,71.6,clear sky,-21.34,55.48,Lindsey Hôtel
514,Ambilobe,MG,81.86,scattered clouds,-13.2,49.05,Hôtel & Restaurant DIANA Ambilobe
515,Ajmer,IN,82.13,light rain,26.45,74.63,Hotel Regal
516,Mana,GF,86.13,light rain,5.66,-53.78,LE SAMANA
517,Byron Bay,AU,55.4,clear sky,-28.65,153.62,Backpackers Inn on the Beach
518,Naze,JP,82.4,overcast clouds,28.37,129.48,奄美ポートタワーホテル
519,Souillac,MU,73.4,shower rain,-20.52,57.52,Bils' Villa
520,Yeovil,GB,69.01,overcast clouds,50.94,-2.63,The Yeovil Court Hotel
521,Taunggyi,MM,65.79,light rain,20.78,97.03,True Treasure Hotel
522,Prince George,CA,52.0,overcast clouds,53.92,-122.75,Canadas Best Value Inn Prince George
523,Staroaleyskoye,RU,61.84,overcast clouds,51.01,82.0,"Gostinitsa ""Uyut"""
524,La Asuncion,VE,84.2,overcast clouds,11.03,-63.86,Colinas de Matasiete
525,Pichucalco,MX,80.6,scattered clouds,17.52,-93.07,Hotel Las Ranas
526,Springdale,US,75.0,clear sky,36.19,-94.13,Springdale Inn
527,Puerto Princesa,PH,80.94,overcast clouds,9.74,118.74,Deep Forest Garden Inn
528,Osoyoos,CA,61.0,clear sky,49.03,-119.45,Watermark Beach Resort Hotel
531,La Libertad,EC,68.0,overcast clouds,-2.23,-80.9,Playa Canela Hotel Boutique
533,Xuddur,SO,84.67,overcast clouds,4.12,43.89,Banjanay Hotel
534,Brande,DK,70.0,light rain,55.94,9.12,Hotel Dalgas
535,Chaohu,CN,77.0,thunderstorm with light rain,31.6,117.87,Shell Hefei Chaohu Railway Station Wanda Plaza Hotel
536,Matamoros,MX,78.8,few clouds,25.53,-103.25,Recreativo Sabdy Briseidy
537,Maldonado,UY,55.4,clear sky,-34.67,-54.92,La Cimarrona
538,Santa Rosa,PH,84.99,broken clouds,14.31,121.11,Amethyst Econotel
539,Rocha,UY,56.98,clear sky,-34.48,-54.33,Beleza Pura B&B
540,Kamina,CD,89.38,broken clouds,-8.74,24.99,Guest House la Grace
541,Bourail,NC,66.2,clear sky,-21.57,165.48,Nekweta
543,Lethem,GY,88.0,clear sky,3.38,-59.8,Savannah Inn
544,Salinopolis,BR,85.17,clear sky,-0.61,-47.36,Hotel Salinópolis
545,Boa Vista,BR,87.8,few clouds,2.82,-60.67,Aipana Plaza Hotel
546,Nouadhibou,MR,84.2,clear sky,20.93,-17.03,El Medina
548,Anloga,GH,80.6,scattered clouds,5.79,0.9,Dey Lodge
549,Mozzozzin,PH,79.36,overcast clouds,17.45,121.75,Lot lot hotel
550,Malindi,KE,80.6,broken clouds,-3.22,40.12,African House Resort
551,Chabahar,IR,89.6,scattered clouds,25.29,60.64,هتل گدروشیا
553,Aklavik,CA,50.0,overcast clouds,68.22,-135.01,Aklavik Inn
555,Bluefield,US,73.0,overcast clouds,37.27,-81.22,Economy Inn
556,Lompoc,US,60.8,overcast clouds,34.64,-120.46,Holiday Inn Express Lompoc
558,Svetlogorsk,BY,72.73,scattered clouds,52.63,29.73,Hotel Svetlogorsk JBIK
559,Sukhothai,TH,76.89,overcast clouds,17.25,99.67,ที่ทำการกำนันตำบลเมืองบางขลัง
560,Buin,CL,66.99,clear sky,-33.73,-70.75,Paihuen
561,Presidente Epitacio,BR,62.01,clear sky,-21.76,-52.12,Hotel Itaverá
562,Vinh,VN,80.85,few clouds,18.67,105.67,Hotels Shanghai
563,Santa Cruz,BO,55.4,broken clouds,-17.8,-63.17,Hotel Cortez
564,Banda Aceh,ID,80.11,moderate rain,5.56,95.32,OYO 884 Rumoh PMI Hotel
565,Bardejov,SK,84.2,clear sky,49.29,21.27,Hotel ARTIN
566,Nara,JP,78.01,light rain,34.69,135.8,Guesthouse Nara Komachi
567,Zharkent,KZ,77.63,overcast clouds,44.16,80.0,гостиница Satti
568,Rorvik,NO,61.29,moderate rain,64.86,11.24,Hagaheim Seafishing
569,Neiafu,TO,77.0,few clouds,-18.65,-173.98,Mystic Sands
570,La Orilla,MX,78.39,broken clouds,17.98,-102.23,Baymont by Wyndham Lazaro Cardenas
571,Salalah,OM,78.8,overcast clouds,17.02,54.09,HAMDAN PLAZA HOTEL
572,Laguna,US,68.0,clear sky,38.42,-121.42,Holiday Inn Express & Suites Elk Grove Central - Hwy 99
573,Kulu,TR,81.07,clear sky,39.1,33.08,Kapadokya Motel
574,Gryazovets,RU,71.35,clear sky,58.88,40.25,Hotel Druzhba
576,Lac Du Bonnet,CA,68.0,scattered clouds,50.25,-96.06,Casey's Inn Motor Hotel
577,Maceio,BR,78.8,broken clouds,-9.67,-35.74,Mercure Maceio Pajucara Hotel
578,Kota Belud,MY,77.0,thunderstorm,6.35,116.43,Tang Dynasty Lodge Kota Belud
579,Phan Thiet,VN,79.43,broken clouds,10.93,108.1,Hotel Saigon-PT
580,San Ignacio,BZ,82.4,few clouds,17.16,-89.07,Rainforest Haven Inn
581,Kwinana,AU,62.01,scattered clouds,-32.25,115.77,Devon House
582,Tocopilla,CL,65.34,clear sky,-22.09,-70.2,Hotel Galvarino
583,Huarmey,PE,64.54,clear sky,-10.07,-78.15,Hotel Miramar
585,Gagino,RU,64.26,overcast clouds,55.23,45.03,Mini-Otel'
587,Qiongshan,CN,78.8,clear sky,20.01,110.35,Sun City Restaurant
588,Sadri,IN,81.5,heavy intensity rain,25.18,73.43,Chandra Hill Resort
589,Akyab,MM,81.86,overcast clouds,20.15,92.9,Hotel Memory
594,Hoquiam,US,55.99,clear sky,46.98,-123.89,Econo Lodge Inn & Suites
595,Mandera,KE,89.89,overcast clouds,3.94,41.87,Kornesh Hotel and Lodging
596,Zhuanghe,CN,73.0,overcast clouds,39.7,122.99,Hanting Express Dalian Zhuanghe Qiansheng
597,Dharmadam,IN,80.6,scattered clouds,11.78,75.43,Samudra Homes
598,Chapais,CA,57.2,overcast clouds,49.78,-74.85,Hôtel Opémiska
600,Makakilo City,US,77.0,clear sky,21.35,-158.09,Marriott's Ko Olina Beach Club
601,Cangucu,BR,59.0,clear sky,-31.39,-52.68,Hotel Telesca
603,Loding,NO,62.6,light intensity shower rain,67.3,14.75,Arctic Kramer
604,Lubao,PH,84.99,moderate rain,14.92,120.55,Hacienda Gracia
605,Magistralnyy,RU,56.93,overcast clouds,56.17,107.45,Магистраль
606,Santa Fe,AR,60.01,clear sky,-31.63,-60.7,Conquistador Hotel
608,Vila Do Maio,CV,84.2,scattered clouds,15.13,-23.22,Residence 'I Delfini'
609,Gannan,CN,63.63,overcast clouds,47.91,123.5,Gannan Supply and Marketing Cooperatives Hostel
611,Champerico,GT,77.0,broken clouds,14.3,-91.92,"Hotel y restaurante ""El Diamante"""
612,Ojinaga,MX,84.2,clear sky,29.57,-104.42,Suites Las Palmas
613,Oktyabrskiy,RU,60.51,light rain,54.48,53.47,Уязы-Тау гостиница
614,Nantucket,US,75.2,clear sky,41.28,-70.1,Jared Coffin House
615,Ponta Delgada,PT,77.0,few clouds,37.73,-25.67,Vila Nova Hotel
616,Le Port,RE,71.6,scattered clouds,-20.94,55.29,Villa Maido
618,Mahina,PF,71.6,few clouds,-17.51,-149.49,Guest Beach Bungalow Tahiti
619,Fairbanks,US,53.6,overcast clouds,64.84,-147.72,Westmark Fairbanks Hotel & Conference Center
620,Amahai,ID,77.07,light rain,-3.33,128.92,Peternakan Ayam Bangkok Manisso
621,Uyemskiy,RU,77.0,scattered clouds,64.47,40.85,Malyye Karely
624,Atambua,ID,68.79,clear sky,-9.11,124.89,Pondok Pesantren Al Muhajirin Atambua
625,Lakshmipur,BD,79.75,overcast clouds,22.95,90.83,Khalekgonjo Sufi Rowson Ali Dakhil Madrasha
626,Houma,US,84.99,clear sky,29.6,-90.72,Courtyard by Marriott Houma
627,Ocos,GT,77.0,overcast clouds,14.51,-92.19,La Bajadita
628,Bratsk,RU,64.4,clear sky,56.13,101.61,Shvedka
629,Wana,PK,80.08,light rain,32.3,69.57,Rest House at Wana Camp
630,Matara,LK,80.01,overcast clouds,5.95,80.54,Amaloh Boutique Resort
631,Nortelandia,BR,67.53,clear sky,-14.45,-56.8,Hotel Karysmã
632,Moussoro,TD,88.05,overcast clouds,13.64,16.49,Pharmacie alnadja Moussoro
633,Puerto Baquerizo Moreno,EC,65.71,overcast clouds,-0.9,-89.6,Hotel los Algarrobos
635,Barao De Melgaco,BR,57.2,broken clouds,-16.19,-55.97,Tuiuiu Pantanal Hotel
637,Puerto Madryn,AR,58.5,clear sky,-42.77,-65.04,Hotel Tolosa
638,Alyangula,AU,62.6,clear sky,-13.85,136.42,Groote Eylandt Lodge
639,Springfield,US,77.0,clear sky,37.22,-93.3,Best Western Route 66 Rail Haven
640,Yerofey Pavlovich,RU,54.18,clear sky,53.97,121.97,lounges and warm parking
641,Sibu,MY,77.0,scattered clouds,2.3,111.82,RH HOTEL (4 Star)
645,Murud,IN,80.46,moderate rain,18.33,72.97,On Point Plaza
646,Baracoa,CU,84.16,light rain,20.35,-74.5,Hostal Rio Miel
647,Talas,TR,75.2,broken clouds,38.69,35.55,Fimaj Residence
649,Sarangani,PH,84.04,clear sky,5.4,125.46,Ballistic Islet
651,Manakara,MG,71.65,clear sky,-22.13,48.02,La Residence Manakara
653,Vizinga,RU,66.97,scattered clouds,61.07,50.1,"Gostinitsa ""Nadezhda"""
654,Biu,NG,79.7,broken clouds,10.61,12.19,EYN LCC MANDARAGIRAU
655,Botou,CN,68.67,clear sky,38.07,116.57,Hanting Hotel Huanghua City Hall
658,Katobu,ID,73.04,overcast clouds,-4.94,122.53,La Ode Husein
659,Sulphur Springs,US,82.0,clear sky,33.14,-95.6,Clarion Pointe Sulphur Springs
661,Campbell River,CA,51.01,broken clouds,50.02,-125.24,Ramada by Wyndham Campbell River
662,Tanabe,JP,78.01,light rain,33.73,135.37,美吉屋旅館
663,Kisangani,CD,84.2,broken clouds,0.52,25.2,Grand Ramela Hotel
664,Urgut,UZ,89.6,clear sky,39.4,67.24,Qora tepa
665,Pacific Grove,US,62.6,haze,36.62,-121.92,Lovers Point Inn
666,Tikapur,NP,81.0,light rain,28.5,81.13,BANANA AGRO RESORT
667,Port-Gentil,GA,82.4,overcast clouds,-0.72,8.78,Fengshui Residence
669,Verkhnyaya Toyma,RU,74.32,few clouds,62.23,45.0,Gostinitsa
670,Chunskiy,RU,62.51,overcast clouds,56.08,99.63,Odisseya
672,Ukiah,US,60.8,clear sky,39.15,-123.21,Hampton Inn Ukiah
674,Gat,IL,88.0,clear sky,31.61,34.76,רגע בנחת
675,Piritiba,BR,78.42,scattered clouds,-11.73,-40.56,Pousada Capim Guine
676,High Rock,BS,87.8,scattered clouds,26.62,-78.28,Ocean Pearl Bonefishing Resort
678,Carutapera,BR,86.72,clear sky,-1.2,-46.02,Lidera
679,Porto Murtinho,BR,58.84,clear sky,-21.7,-57.88,Hotel Pantanal
680,Kijang,KR,80.6,broken clouds,35.24,129.21,Brown Dot Gijang Yeonhwari
684,Kaohsiung,TW,81.0,broken clouds,22.62,120.31,Kindness Hotel
685,Hualmay,PE,63.41,few clouds,-11.1,-77.61,Hotel Restaurant Turístico Casablanca
686,Alice Town,BS,83.59,light rain,25.72,-79.3,Bimini Big Game Club Resort & Marina
688,Liberal,US,69.8,clear sky,37.04,-100.92,Hampton Inn & Suites Liberal
690,Ambanja,MG,79.81,scattered clouds,-13.68,48.45,Hotel Marrakech
692,Price,US,69.8,clear sky,39.6,-110.81,National 9 - Price River Inn
693,Terrace Bay,CA,62.6,broken clouds,48.78,-87.1,Drifters Motel & Restaurant
694,Bloomsburg,US,81.0,few clouds,41.0,-76.45,Hampton Inn Bloomsburg
695,Karratha,AU,71.06,clear sky,-20.74,116.85,ibis Styles Karratha
696,Copiapo,CL,53.6,overcast clouds,-27.37,-70.33,Antay Casino Hotel
698,Wilmington,US,84.0,clear sky,34.23,-77.94,"Hotel Ballast Wilmington, Tapestry Collection by Hilton"
699,Tornio,FI,66.2,broken clouds,65.85,24.15,Park Hotel Tornio
700,Santo Domingo,DO,86.0,scattered clouds,18.5,-69.99,Micro Hotel Condo Suites
701,Sola,VU,80.19,overcast clouds,-13.88,167.55,Leumerus Bungalows
